id,stage_id,order_no,title,conductor_name,pianist_name,timestamp_created,timestamp_updated
1,1,1,title11,conductor_name11,pianist_name11,2018-12-31 12:00:00,2018-12-31 12:00:00
2,1,2,title12,conductor_name12,pianist_name12,2018-12-31 12:00:00,2018-12-31 12:00:00
3,2,1,title21,conductor_name21,pianist_name21,2018-12-31 12:00:00,2018-12-31 12:00:00
4,2,2,title22,conductor_name22,pianist_name22,2018-12-31 12:00:00,2018-12-31 12:00:00
5,3,1,title31,conductor_name31,pianist_name31,2018-12-31 12:00:00,2018-12-31 12:00:00
6,3,2,title32,conductor_name32,pianist_name32,2018-12-31 12:00:00,2018-12-31 12:00:00
7,4,1,title41,conductor_name41,pianist_name41,2018-12-31 12:00:00,2018-12-31 12:00:00
8,4,2,title42,conductor_name42,pianist_name42,2018-12-31 12:00:00,2018-12-31 12:00:00
9,5,1,title51,conductor_name51,pianist_name51,2018-12-31 12:00:00,2018-12-31 12:00:00
10,5,2,title52,conductor_name52,pianist_name52,2018-12-31 12:00:00,2018-12-31 12:00:00
11,6,1,title61,conductor_name61,pianist_name61,2018-12-31 12:00:00,2018-12-31 12:00:00
12,6,2,title62,conductor_name62,pianist_name62,2018-12-31 12:00:00,2018-12-31 12:00:00
13,7,1,title71,conductor_name71,pianist_name71,2018-12-31 12:00:00,2018-12-31 12:00:00
14,7,2,title72,conductor_name72,pianist_name72,2018-12-31 12:00:00,2018-12-31 12:00:00
15,8,1,title81,conductor_name81,pianist_name81,2018-12-31 12:00:00,2018-12-31 12:00:00
16,8,2,title82,conductor_name82,pianist_name82,2018-12-31 12:00:00,2018-12-31 12:00:00
17,9,1,title91,conductor_name91,pianist_name91,2018-12-31 12:00:00,2018-12-31 12:00:00
18,9,2,title92,conductor_name92,pianist_name92,2018-12-31 12:00:00,2018-12-31 12:00:00